"Genotype","Basin","Image_pos","Replicate","x","y","Sowing_Position","timepoints","t1","pos"
"G128",2,"3a",6,13,2,"6R01","2018-06-01 16:37:00",0.716,"c13r2"
"G128",2,"3a",6,13,2,"6R01","2018-06-02 09:07:00",0.655,"c13r2"
"G128",2,"3a",6,13,2,"6R01","2018-06-02 11:37:00",0.662,"c13r2"
"G128",2,"3a",6,13,2,"6R01","2018-06-02 14:37:00",0.661,"c13r2"
"G128",2,"3a",6,13,2,"6R01","2018-06-02 16:37:00",0.679,"c13r2"
"G131",1,"4a",1,10,5,"1E03","2018-06-01 16:37:00",0.698,"c10r5"
"G131",1,"4a",1,10,5,"1E03","2018-06-02 09:07:00",0.719,"c10r5"
"G131",1,"4a",1,10,5,"1E03","2018-06-02 11:37:00",0.673,"c10r5"
"G131",1,"4a",1,10,5,"1E03","2018-06-02 14:37:00",0.667,"c10r5"
"G131",1,"4a",1,10,5,"1E03","2018-06-02 16:37:00",0.629,"c10r5"
"G137",1,"1c",1,12,4,"1D01","2018-06-01 16:37:00",0.642,"c12r4"
"G137",1,"1c",1,12,4,"1D01","2018-06-02 09:07:00",0.695,"c12r4"
"G137",1,"1c",1,12,4,"1D01","2018-06-02 11:37:00",0.64,"c12r4"
"G137",1,"1c",1,12,4,"1D01","2018-06-02 14:37:00",0.657,"c12r4"
"G137",1,"1c",1,12,4,"1D01","2018-06-02 16:37:00",0.682,"c12r4"
"G140",1,"2c",1,12,3,"1C01","2018-06-01 16:37:00",0.666,"c12r3"
"G140",1,"2c",1,12,3,"1C01","2018-06-02 09:07:00",0.657,"c12r3"
"G140",1,"2c",1,12,3,"1C01","2018-06-02 11:37:00",0.642,"c12r3"
"G140",1,"2c",1,12,3,"1C01","2018-06-02 14:37:00",0.666,"c12r3"
"G140",1,"2c",1,12,3,"1C01","2018-06-02 16:37:00",0.635,"c12r3"
"G146",2,"2b",6,14,3,"6P02","2018-06-01 16:37:00",0.652,"c14r3"
"G146",2,"2b",6,14,3,"6P02","2018-06-02 09:07:00",0.641,"c14r3"
"G146",2,"2b",6,14,3,"6P02","2018-06-02 11:37:00",0.656,"c14r3"
"G146",2,"2b",6,14,3,"6P02","2018-06-02 14:37:00",0.668,"c14r3"
"G146",2,"2b",6,14,3,"6P02","2018-06-02 16:37:00",0.677,"c14r3"
"G150",1,"3a",1,10,2,"1B03","2018-06-01 16:37:00",0.657,"c10r2"
"G150",1,"3a",1,10,2,"1B03","2018-06-02 09:07:00",0.644,"c10r2"
"G150",1,"3a",1,10,2,"1B03","2018-06-02 11:37:00",0.71,"c10r2"
"G150",1,"3a",1,10,2,"1B03","2018-06-02 14:37:00",0.706,"c10r2"
"G150",1,"3a",1,10,2,"1B03","2018-06-02 16:37:00",0.688,"c10r2"
"G151",2,"4a",6,13,1,"6S01","2018-06-01 16:37:00",0.701,"c13r1"
"G151",2,"4a",6,13,1,"6S01","2018-06-02 09:07:00",0.659,"c13r1"
"G151",2,"4a",6,13,1,"6S01","2018-06-02 11:37:00",0.688,"c13r1"
"G151",2,"4a",6,13,1,"6S01","2018-06-02 14:37:00",0.63,"c13r1"
"G151",2,"4a",6,13,1,"6S01","2018-06-02 16:37:00",0.677,"c13r1"
"check1",1,"4a",1,10,1,"1A03","2018-06-01 16:37:00",NA,"c10r1"
"check1",1,"4a",1,10,1,"1A03","2018-06-02 09:07:00",NA,"c10r1"
"check1",1,"4a",1,10,1,"1A03","2018-06-02 11:37:00",NA,"c10r1"
"check1",1,"4a",1,10,1,"1A03","2018-06-02 14:37:00",NA,"c10r1"
"check1",1,"4a",1,10,1,"1A03","2018-06-02 16:37:00",NA,"c10r1"
"check3",1,"3c",1,12,2,"1B01","2018-06-01 16:37:00",0.633,"c12r2"
"check3",1,"3c",1,12,2,"1B01","2018-06-02 09:07:00",0.664,"c12r2"
"check3",1,"3c",1,12,2,"1B01","2018-06-02 11:37:00",0.65,"c12r2"
"check3",1,"3c",1,12,2,"1B01","2018-06-02 14:37:00",0.688,"c12r2"
"check3",1,"3c",1,12,2,"1B01","2018-06-02 16:37:00",0.648,"c12r2"
"check4",1,"4c",1,12,1,"1A01","2018-06-01 16:37:00",0.678,"c12r1"
"check4",1,"4c",1,12,1,"1A01","2018-06-02 09:07:00",0.698,"c12r1"
"check4",1,"4c",1,12,1,"1A01","2018-06-02 11:37:00",0.708,"c12r1"
"check4",1,"4c",1,12,1,"1A01","2018-06-02 14:37:00",0.696,"c12r1"
"check4",1,"4c",1,12,1,"1A01","2018-06-02 16:37:00",0.675,"c12r1"
"G180",2,"3b",6,14,2,"6R02","2018-06-01 16:37:00",0.702,"c14r2"
"G180",2,"3b",6,14,2,"6R02","2018-06-02 09:07:00",0.695,"c14r2"
"G180",2,"3b",6,14,2,"6R02","2018-06-02 11:37:00",0.697,"c14r2"
"G180",2,"3b",6,14,2,"6R02","2018-06-02 14:37:00",0.7,"c14r2"
"G180",2,"3b",6,14,2,"6R02","2018-06-02 16:37:00",0.686,"c14r2"
"G191",1,"3b",1,11,2,"1B02","2018-06-01 16:37:00",0.684,"c11r2"
"G191",1,"3b",1,11,2,"1B02","2018-06-02 09:07:00",0.681,"c11r2"
"G191",1,"3b",1,11,2,"1B02","2018-06-02 11:37:00",0.656,"c11r2"
"G191",1,"3b",1,11,2,"1B02","2018-06-02 14:37:00",0.656,"c11r2"
"G191",1,"3b",1,11,2,"1B02","2018-06-02 16:37:00",0.663,"c11r2"
"G3",1,"4b",1,11,1,"1A02","2018-06-01 16:37:00",0.641,"c11r1"
"G3",1,"4b",1,11,1,"1A02","2018-06-02 09:07:00",0.657,"c11r1"
"G3",1,"4b",1,11,1,"1A02","2018-06-02 11:37:00",0.672,"c11r1"
"G3",1,"4b",1,11,1,"1A02","2018-06-02 14:37:00",0.676,"c11r1"
"G3",1,"4b",1,11,1,"1A02","2018-06-02 16:37:00",0.67,"c11r1"
"G12",1,"2a",1,10,3,"1C03","2018-06-01 16:37:00",0.631,"c10r3"
"G12",1,"2a",1,10,3,"1C03","2018-06-02 09:07:00",0.644,"c10r3"
"G12",1,"2a",1,10,3,"1C03","2018-06-02 11:37:00",0.652,"c10r3"
"G12",1,"2a",1,10,3,"1C03","2018-06-02 14:37:00",0.623,"c10r3"
"G12",1,"2a",1,10,3,"1C03","2018-06-02 16:37:00",0.646,"c10r3"
"G24",2,"4a",6,13,5,"6M01","2018-06-01 16:37:00",0.649,"c13r5"
"G24",2,"4a",6,13,5,"6M01","2018-06-02 09:07:00",0.607,"c13r5"
"G24",2,"4a",6,13,5,"6M01","2018-06-02 11:37:00",0.655,"c13r5"
"G24",2,"4a",6,13,5,"6M01","2018-06-02 14:37:00",0.606,"c13r5"
"G24",2,"4a",6,13,5,"6M01","2018-06-02 16:37:00",0.653,"c13r5"
"G27",1,"1b",1,11,4,"1D02","2018-06-01 16:37:00",0.619,"c11r4"
"G27",1,"1b",1,11,4,"1D02","2018-06-02 09:07:00",0.638,"c11r4"
"G27",1,"1b",1,11,4,"1D02","2018-06-02 11:37:00",0.596,"c11r4"
"G27",1,"1b",1,11,4,"1D02","2018-06-02 14:37:00",0.62,"c11r4"
"G27",1,"1b",1,11,4,"1D02","2018-06-02 16:37:00",0.652,"c11r4"
"G32",1,"1a",1,10,4,"1D03","2018-06-01 16:37:00",0.633,"c10r4"
"G32",1,"1a",1,10,4,"1D03","2018-06-02 09:07:00",0.648,"c10r4"
"G32",1,"1a",1,10,4,"1D03","2018-06-02 11:37:00",0.649,"c10r4"
"G32",1,"1a",1,10,4,"1D03","2018-06-02 14:37:00",0.649,"c10r4"
"G32",1,"1a",1,10,4,"1D03","2018-06-02 16:37:00",0.638,"c10r4"
"G39",2,"2a",6,13,3,"6P01","2018-06-01 16:37:00",0.667,"c13r3"
"G39",2,"2a",6,13,3,"6P01","2018-06-02 09:07:00",0.659,"c13r3"
"G39",2,"2a",6,13,3,"6P01","2018-06-02 11:37:00",0.645,"c13r3"
"G39",2,"2a",6,13,3,"6P01","2018-06-02 14:37:00",0.674,"c13r3"
"G39",2,"2a",6,13,3,"6P01","2018-06-02 16:37:00",0.652,"c13r3"
"G49",2,"4b",6,14,1,"6S02","2018-06-01 16:37:00",0.639,"c14r1"
"G49",2,"4b",6,14,1,"6S02","2018-06-02 09:07:00",0.615,"c14r1"
"G49",2,"4b",6,14,1,"6S02","2018-06-02 11:37:00",0.613,"c14r1"
"G49",2,"4b",6,14,1,"6S02","2018-06-02 14:37:00",0.649,"c14r1"
"G49",2,"4b",6,14,1,"6S02","2018-06-02 16:37:00",0.676,"c14r1"
"G56",2,"1b",6,14,4,"6O02","2018-06-01 16:37:00",0.573,"c14r4"
"G56",2,"1b",6,14,4,"6O02","2018-06-02 09:07:00",0.613,"c14r4"
"G56",2,"1b",6,14,4,"6O02","2018-06-02 11:37:00",0.595,"c14r4"
"G56",2,"1b",6,14,4,"6O02","2018-06-02 14:37:00",0.578,"c14r4"
"G56",2,"1b",6,14,4,"6O02","2018-06-02 16:37:00",0.569,"c14r4"
"G57",2,"4b",6,14,5,"6M02","2018-06-01 16:37:00",0.671,"c14r5"
"G57",2,"4b",6,14,5,"6M02","2018-06-02 09:07:00",0.665,"c14r5"
"G57",2,"4b",6,14,5,"6M02","2018-06-02 11:37:00",0.692,"c14r5"
"G57",2,"4b",6,14,5,"6M02","2018-06-02 14:37:00",0.659,"c14r5"
"G57",2,"4b",6,14,5,"6M02","2018-06-02 16:37:00",0.678,"c14r5"
"G60",1,"4c",1,12,5,"1E01","2018-06-01 16:37:00",0.685,"c12r5"
"G60",1,"4c",1,12,5,"1E01","2018-06-02 09:07:00",0.682,"c12r5"
"G60",1,"4c",1,12,5,"1E01","2018-06-02 11:37:00",0.696,"c12r5"
"G60",1,"4c",1,12,5,"1E01","2018-06-02 14:37:00",0.69,"c12r5"
"G60",1,"4c",1,12,5,"1E01","2018-06-02 16:37:00",0.683,"c12r5"
"G69",2,"1a",6,13,4,"6O01","2018-06-01 16:37:00",0.662,"c13r4"
"G69",2,"1a",6,13,4,"6O01","2018-06-02 09:07:00",0.653,"c13r4"
"G69",2,"1a",6,13,4,"6O01","2018-06-02 11:37:00",0.661,"c13r4"
"G69",2,"1a",6,13,4,"6O01","2018-06-02 14:37:00",0.676,"c13r4"
"G69",2,"1a",6,13,4,"6O01","2018-06-02 16:37:00",0.682,"c13r4"
"G87",1,"2b",1,11,3,"1C02","2018-06-01 16:37:00",0.629,"c11r3"
"G87",1,"2b",1,11,3,"1C02","2018-06-02 09:07:00",0.661,"c11r3"
"G87",1,"2b",1,11,3,"1C02","2018-06-02 11:37:00",0.645,"c11r3"
"G87",1,"2b",1,11,3,"1C02","2018-06-02 14:37:00",0.646,"c11r3"
"G87",1,"2b",1,11,3,"1C02","2018-06-02 16:37:00",0.652,"c11r3"
"G99",1,"4b",1,11,5,"1E02","2018-06-01 16:37:00",0.675,"c11r5"
"G99",1,"4b",1,11,5,"1E02","2018-06-02 09:07:00",0.693,"c11r5"
"G99",1,"4b",1,11,5,"1E02","2018-06-02 11:37:00",0.677,"c11r5"
"G99",1,"4b",1,11,5,"1E02","2018-06-02 14:37:00",0.674,"c11r5"
"G99",1,"4b",1,11,5,"1E02","2018-06-02 16:37:00",0.676,"c11r5"
